{
  "sourceLocale": "de-DE",
  "localesDir": "../concertjournal",
  "outputSwiftFile": "../concertjournal/Localization/TextKey.swift",
  "targetLocales": [
    "en-US"
  ],
  "enumName": "TextKey",
  "swiftImports": ["Foundation"],
  "stripPrefixInCaseNames": true,
  "commentSections": {
    "app":           "App General",
    "action":        "Actions",
    "nav":           "Navigation Titles",
    "home":          "Home Screen",
    "concert":       "Concert Creation / Edit",
    "field":         "Concert Detail Fields",
    "ticket":        "Ticket",
    "setlist":       "Setlist",
    "travel":        "Travel / Journey",
    "hotel":         "Hotel",
    "onboarding":    "Onboarding",
    "auth":          "Auth",
    "buddies":       "Buddies",
    "profile":       "Profile",
    "sort":          "Sorting",
    "premium":       "Premium",
    "feature":       "Premium Features",
    "benefit":       "Premium Benefits",
    "desc":          "Premium Feature Descriptions",
    "map":           "Map",
    "spotify":       "Spotify",
    "camera":        "Camera / Ticket Scan",
    "state":         "Loading / States",
    "error":         "Errors (user-facing)",
    "success":       "Success Messages",
    "confirm":       "Confirmation Dialogs",
    "seat":          "Seat Types",
    "travel_mode":   "Travel Mode Names",
    "summary":       "Summary Sections",
    "section":       "Section Headers",
    "notification":  "Notifications",
    "info":          "Info"
  }
}
