{
  "app.name": "Concert Journal",

  "action.ok": "Okay",
  "action.cancel": "Abbrechen",
  "action.save": "Speichern",
  "action.delete": "Löschen",
  "action.confirm": "Fertig",
  "action.skip": "Überspringen",
  "action.done": "Fertig",
  "action.close": "Schließen",
  "action.reload": "Neu laden",
  "action.retry": "Erneut versuchen",
  "action.retry_again": "Nochmal versuchen",
  "action.allow": "Erlauben",
  "action.understood": "Verstanden",
  "action.import": "Importieren",
  "action.open_settings": "Einstellungen öffnen",
  "action.open_in_maps": "In Apple Karten öffnen",
  "action.open_original_link": "Original-Link öffnen",
  "action.open_camera": "Kamera öffnen",
  "action.choose_from_gallery": "Aus Galerie wählen",
  "action.log_out": "Abmelden",
  "action.reset_setup": "🛠 Setup zurücksetzen",
  "action.go_to_settings": "Zu den Einstellungen",
  "action.generate_new_code": "Neuen Code generieren",
  "action.restore_purchases": "Käufe wiederherstellen",
  "action.sort": "Sortieren",
  "action.search": "Suchen",
  "action.show_all": "Alle anzeigen",
  "action.edit_setlist": "Setlist bearbeiten",
  "action.add_setlist": "Setlist hinzufügen",
  "action.add_ticket": "Ticket hinzufügen",
  "action.add_photos": "Fotos hinzufügen",
  "action.add_photo_later": "Foto später hinzufügen",
  "action.add_travel_info": "Reiseinfos hinzufügen",
  "action.change_travel_info": "Reiseinfos ändern",
  "action.add_buddy": "Buddy hinzufügen",
  "action.add_support_act": "Support Act hinzufügen",
  "action.add_companion": "Begleiter hinzufügen",
  "action.edit_companion": "Begleiter bearbeiten",
  "action.edit": "Bearbeiten",
  "action.create_concert": "Konzert erstellen",
  "action.create_with_ticket": "Mit Ticket erstellen",
  "action.create_manually": "Manuell erstellen",
  "action.enter_all_details_manually": "Alle Details selbst eingeben",
  "action.import_from_spotify": "Aus Spotify importieren",
  "action.login_with_spotify": "Mit Spotify anmelden",
  "action.send_reset_link": "Reset link senden",
  "action.login": "Anmelden",
  "action.register": "Registrieren",
  "action.premium_become": "Jetzt Premium werden",
  "action.premium_unlock": "Premium freischalten",
  "action.next_step": "Nächster Schritt",
  "action.next_step_exclamation": "Nächster Schritt!",
  "action.lets_go": "Los geht's",
  "action.lets_go_exclamation": "Los gehts!",
  "action.keep_going": "Weiter gehts!",
  "action.almost_done": "Fast geschafft!",
  "action.all_ready": "Alles bereit!",
  "action.send_friend_request": "Anfrage senden",
  "action.request_already_sent": "Anfrage bereits gesendet",
  "action.end_friendship": "Freundschaft beenden",
  "action.already_buddies": "Ihr seid bereits Buddies",
  "action.friend_without_account": "Freund ohne Account",
  "action.remove_yes": "Ja, song entfernen",
  "action.preview_label": "Preview:",
  "action.scan_ticket": "Scanne dein Ticket",
  "action.scan_ticket_auto": "Ticket scannen und automatisch befüllen",
  "action.scanning": "Scanne Ticket...",
  "action.hide_prices": "Preise ausblenden",
  "action.show_prices": "Preise anzeigen",

  "nav.concerts": "Konzerte",
  "nav.map": "Karte",
  "nav.buddies": "Buddies",
  "nav.profile": "Profil",
  "nav.premium": "Premium",
  "nav.filter": "Filter & Sortierung",
  "nav.buddy_add": "Buddy hinzufügen",
  "nav.requests": "Anfragen",
  "nav.venue_select": "Venue auswählen",
  "nav.ticket_scan": "Ticket scannen",
  "nav.ticket_info": "Ticket info",
  "nav.edit_concert": "Konzert bearbeiten",
  "nav.import_concert": "Konzert importieren",
  "nav.import_spotify": "Import aus Spotify",
  "nav.travel_info": "Reise infos",
  "nav.song_select": "Songs auswählen",
  "nav.new_password": "Neues Passwort",
  "nav.forgot_password": "Passwort vergessen",
  "nav.qr_scan": "QR-Code scannen",
  "nav.order_customize": "Reihenfolge anpassen",
  "nav.browse": "Durchsuchen",
  "nav.attendees": "Mit dabei",
  "nav.app_color": "App Color",
  "nav.debug_logs": "Debug Logs",

  "home.title": "Konzert Journal",
  "home.no_concerts": "Noch keine Konzerte",
  "home.add_first": "Erstes Konzert hinzufügen",
  "home.add_first_cta": "Füge dein erstes Konzert hinzu und starte deine Musikreise!",
  "home.upcoming_concerts": "Deine nächsten Konzerte",
  "home.past_concerts": "Vergangene Konzerte",
  "home.concerts_this_year": "Konzerte in diesem Jahr:",
  "home.planned_this_year": "Geplante Konzerte dieses Jahr:",
  "home.today": "Heute",
  "home.offline_warning": "Offline – Änderungen werden nicht gespeichert",

  "concert.create_how": "Wie möchtest du dein Konzert erstellen?",
  "concert.delete": "Konzert löschen?",
  "concert.delete_question": "Möchtest du %@ wirklich löschen? Das kann nicht rückgängig gemacht werden.",
  "concert.delete_confirm": "Konzert",
  "concert.imported": "Importiertes Konzert",
  "concert.journal_entry": "Journal Eintrag",

  "field.artist": "Künstler",
  "field.venue": "Venue",
  "field.venue_optional": "Venue auswählen (optional)",
  "field.select_venue": "Venue auswählen",
  "field.date": "Datum",
  "field.select_date": "Datum wählen",
  "field.notes": "Notizen",
  "field.rating": "Rating",
  "field.all_ratings": "Alle Bewertungen",
  "field.review": "Bewertung",
  "field.photo": "Foto",
  "field.location": "Location",
  "field.city": "Stadt",
  "field.cities": "Städte",
  "field.position": "Position",
  "field.select_artist": "Wähle einen Künstler",
  "field.where_sat": "Wo bist du gestanden?",
  "field.admission": "Einlass",
  "field.block": "Block",
  "field.row": "Reihe",
  "field.seat": "Sitz",
  "field.sort": "Sortierung",
  "field.sort_colon": "Sortierung:",
  "field.time_range": "Zeitraum",
  "field.arrival_time": "Wann bist du angekommen?",
  "field.display_name": "Anzeigename",
  "field.display_name_hint": "Dieser Name ist für deine Buddies sichtbar.",
  "field.title_optional": "Titel (optional)",
  "field.title": "Titel",
  "field.venue_or_location": "Venue oder Ort",

  "ticket.types": "Ticket Arten",
  "ticket.categories": "Ticket Kategorien",
  "ticket.price": "Ticketpreis",
  "ticket.price_colon": "Ticketpreis:",
  "ticket.info": "Ticketinfo",
  "ticket.info_add": "Ticket infos hinzufügen",
  "ticket.provider": "Anbieter",
  "ticket.number_question": "Was war die Ticket Nummer?",
  "ticket.scan_photo": "Fotografiere dein Konzert-Ticket oder wähle ein Foto aus deiner Galerie",
  "ticket.seat_info": "Hier auswählen",
  "ticket.category_question": "War das eine bestimmte Ticketkategorie?",
  "ticket.artist_question": "Was für ein Ticket hattest du für %@",
  "ticket.generic_question": "Was für ein Ticket hattest du",

  "setlist.title": "Setlist",
  "setlist.added_songs": "Hinzugefügte Songs",
  "setlist.delete_song": "Diesen Song löschen",
  "setlist.delete_confirm": "Ja, song entfernen",

  "travel.info": "Reiseinfos",
  "travel.distance": "Entfernung",
  "travel.distance_question": "Wie groß war die Entfernung?",
  "travel.duration": "Reisezeit",
  "travel.duration_question": "Wie lange hat die Reise gedauert?",
  "travel.cost": "Anreisekosten",
  "travel.cost_question": "Wie teuer war die Reise?",
  "travel.transport_question": "Wie bist du zur location gekommen?",
  "travel.waiting": "Wartezeit:",
  "travel.total": "Insgesamte Strecke:",
  "travel.total_time": "Insgesamte Zeit:",
  "travel.spent_tickets": "Ausgegeben für Tickets:",
  "travel.spent_travel": "Ausgegeben für Reisen:",
  "travel.spent_hotels": "Ausgegeben für Hotels:",
  "travel.spent_total": "Insgesamt ausgegeben:",
  "travel.summary": "Deine Reisen zusammengefasst:",
  "travel.tickets_summary": "Deine Tickets zusammengefasst:",
  "travel.mode_walking": "Die Location war zu Fuß erreichbar",
  "travel.mode_car": "Du bist mit dem Auto zur Location gekommen",
  "travel.mode_bike": "Du bist mit dem Fahrrad zur Location gekommen",
  "travel.mode_train": "Du hast den Zug genommen",
  "travel.mode_plane": "Du hast für die Reise ein Flugzeug genommen",
  "travel.distance_was": "Der Weg war %@ lang.",
  "travel.cost_was": "Die Anreise hat dich %@ gekostet.",
  "travel.duration_was": "Die Reise hat %@ gedauert.",
  "travel.hotel_cost": "Und für die Übernachtung hast du %@ gezahlt.",
  "travel.arrived": "Du bist um %@ angekommen",

  "hotel.question": "Bist du über Nacht geblieben?",
  "hotel.cost_question": "Wie teuer war die Übernachtung?",
  "hotel.stayed": "Bist du über Nacht geblieben?",

  "onboarding.welcome": "Willkommen bei",
  "onboarding.tagline": "Deine Konzerte.\\nDeine Erinnerungen.\\nDeine Musik.",
  "onboarding.clouds": "Deine Konzerte in der Cloud. Überall dabei.",
  "onboarding.feature1_title": "Konzerte dokumentieren",
  "onboarding.feature1_desc": "Halte alle deine Konzertbesuche mit Datum, Ort und Setlist fest",
  "onboarding.feature2_title": "Konzert-Karte",
  "onboarding.feature2_desc": "Sieh alle besuchten Locations auf einer Karte",
  "onboarding.feature3_title": "Fotos & Erinnerungen",
  "onboarding.feature3_desc": "Füge Fotos hinzu und erstelle dein persönliches Konzertarchiv",
  "onboarding.feature4_desc": "Erstelle Playlists direkt aus deinen Setlists, oder importiere sie",
  "onboarding.ready": "Du bist startklar! Beginne jetzt damit, deine Konzerte zu dokumentieren.",

  "auth.login": "Anmelden",
  "auth.register": "Registrieren",
  "auth.login_or_register": "Anmelden / Registrieren",
  "auth.not_logged_in": "Nicht angemeldet",
  "auth.login_sync": "Melde dich an, um deine Konzerte zu sichern und auf allen Geräten zu synchronisieren.",
  "auth.forgot_password": "Passwort vergessen",
  "auth.forgot_password_desc": "Gib deine E-Mail damit wir dir einen Link senden können um Dein Passwort zurück zu setzen.",
  "auth.new_password": "Neues Passwort",
  "auth.new_password_desc": "Gib ein neues Passwort ein und zur Überprüfung noch einmal das gleiche",
  "auth.change_password": "Passwort ändern",
  "auth.field_email": "E-Mail",
  "auth.field_password": "Passwort",
  "auth.field_password_repeat": "Passwort wiederholen",
  "auth.field_new_password": "Neues Passwort",
  "auth.field_new_password_repeat": "Neues Passwort Wiederholen",

  "buddies.none": "Noch keine Buddies",
  "buddies.loading": "Lade Buddies…",
  "buddies.load_error": "Buddies konnten nicht geladen werden",
  "buddies.my_code": "Mein Buddy-Code",
  "buddies.code_hint": "Gib den 6-stelligen Buddy-Code ein oder scanne den QR-Code deines Freundes.",
  "buddies.share_code": "Teile deinen Code oder scanne den Code eines Freundes.",
  "buddies.let_friend_scan": "Lass deinen Freund diesen Code scannen",
  "buddies.code_not_found": "Der Code \"%@\" ist keinem Account zugeordnet.",
  "buddies.user_not_found": "Kein Nutzer mit diesem Code gefunden",
  "buddies.search_user": "Suche Nutzer…",
  "buddies.request_sent": "Anfrage gesendet!",
  "buddies.no_requests": "Keine offenen Anfragen",
  "buddies.incoming": "Eingehend",
  "buddies.outgoing": "Ausstehend",
  "buddies.after_accept": "Sobald %@ akzeptiert, erscheint er in deiner Buddy-Liste.",
  "buddies.tap_to_reply": "Tippe um zu antworten",

  "profile.loading": "Lade Profil…",
  "profile.load_error": "Profil konnte nicht geladen werden",
  "profile.cannot_load": "Das Profil kann gerade nicht geladen werden.",
  "profile.name_question": "Wie sollen dich deine Buddies nennen?",
  "profile.name_hint": "Dieser Name ist für deine Buddies sichtbar.",
  "profile.improve_app": "App verbessern",
  "profile.privacy_hint": "Deine Privatsphäre ist uns wichtig. Alle Daten werden anonym verarbeitet.",
  "profile.analytics_hint": "Hilf uns, Concert Journal zu verbessern, indem du anonyme Nutzungsdaten teilst.",
  "profile.saved_locally": "Lokal gespeichert",
  "profile.faq": "FAQ",

  "sort.date_newest": "Neueste zuerst",
  "sort.date_oldest": "Älteste zuerst",
  "sort.artist_az": "Künstler A-Z",
  "sort.artist_za": "Künstler Z-A",

  "premium.title": "Premium",
  "premium.unlock_all": "Schalte alle Premium-Features frei",
  "premium.your_benefits": "Deine Vorteile:",
  "premium.now_member": "Du bist jetzt Premium-Mitglied! 🎉",
  "premium.savings": "Du sparst %@%%",
  "premium.badge_popular": "BELIEBT",
  "premium.badge_one_time": "EINMALIG",
  "premium.per_month": "Pro Monat",
  "premium.no_restore_found": "Keine Käufe zum Wiederherstellen gefunden",
  "premium.verify_failed": "Die Transaktion konnte nicht verifiziert werden",

  "feature.unlimited": "Unbegrenzte Konzerte",
  "feature.cloud_sync": "Cloud Synchronisation",
  "feature.no_ads": "Werbefrei",
  "feature.advanced_stats": "Erweiterte Statistiken",
  "feature.advanced_filters": "Erweiterte Filter",
  "feature.multiple_photos": "Mehrere Fotos pro Konzert",
  "feature.setlist_import": "Setlist Import",
  "feature.ticket_scanner": "Ticket Scanner",
  "feature.concert_notes": "Detaillierte Notizen",
  "feature.concert_reminders": "Konzert-Erinnerungen",
  "feature.export_data": "Daten Export (PDF/CSV)",
  "feature.share_social": "Social Media Sharing",
  "feature.ai_recommendations": "KI Konzert-Empfehlungen",
  "feature.custom_themes": "Benutzerdefinierte Themes",
  "feature.priority_support": "Prioritäts-Support",

  "benefit.unlimited": "Unbegrenzte Konzerte",
  "benefit.cloud_sync": "Cloud-Synchronisation",
  "benefit.no_ads": "Keine Werbung mehr",
  "benefit.always_cancelable": "Jederzeit kündbar",
  "benefit.exclusive": "Exklusive Features",

  "desc.unlimited": "Speichere unbegrenzt viele Konzerte in deinem Journal",
  "desc.cloud_sync": "Synchronisiere deine Daten automatisch über alle Geräte",
  "desc.no_ads": "Genieße die App ohne Werbeunterbrechungen",
  "desc.advanced_stats": "Detaillierte Statistiken zu deinen Konzertbesuchen, Künstlern und Locations",
  "desc.advanced_filters": "Filtere und sortiere deine Konzerte nach vielen Kriterien",
  "desc.multiple_photos": "Füge bis zu 20 Fotos pro Konzert hinzu",
  "desc.setlist_import": "Importiere Setlists von setlist.fm",
  "desc.ticket_scanner": "Scanne Tickets automatisch mit KI",
  "desc.concert_notes": "Schreibe ausführliche Notizen zu jedem Konzert",
  "desc.concert_reminders": "Automatische Erinnerungen für bevorstehende Konzerte",
  "desc.export_data": "Exportiere deine Konzerte als PDF oder CSV für Backup",
  "desc.share_social": "Teile deine Konzertbesuche schön formatiert auf Social Media",
  "desc.ai_recommendations": "KI-basierte Konzertempfehlungen basierend auf deinem Geschmack",
  "desc.custom_themes": "Wähle aus verschiedenen Farbthemes oder erstelle dein eigenes",
  "desc.priority_support": "Erhalte bevorzugten Support bei Fragen oder Problemen",

  "map.title": "Karte",

  "spotify.no_playlists": "Keine Playlists",
  "spotify.no_playlists_desc": "Du hast keine Playlists auf Spotify. Speichere eine Playlist in deinem Spotify Account um sie hier zu importieren",
  "spotify.loading_playlists": "Lade Playlists...",
  "spotify.search_playlists": "Playlist suchen",
  "spotify.followers": "Follower: %d",

  "camera.access_denied": "Kamerazugriff verweigert",
  "camera.access_denied_desc": "Erlaube den Kamerazugriff in den Einstellungen um QR-Codes zu scannen.",
  "camera.photo_access": "Zugriff auf Fotos",
  "camera.photo_hint": "Füge Fotos zu deinen Konzerten hinzu und erstelle unvergessliche Erinnerungen.",
  "camera.scan_hint": "QR-Code in den Rahmen halten",
  "camera.recognized": "Erkannte Informationen",
  "camera.scan_ticket_desc": "Fotografiere dein Konzert-Ticket oder wähle ein Foto aus deiner Galerie",

  "state.loading": "Laden...",
  "state.loading_data": "Loading",
  "state.query_running": "Abfrage läuft...",
  "state.error_generic": "Etwas ist schiefgelaufen",
  "state.error_something_wrong": "Da hat wohl etwas nicht geklappt..",
  "state.swipe_for_more": "(wischen für mehr)",

  "error.invalid_format": "Ungültiges Format",
  "error.invalid_qr": "Ungültiger QR-Code.",
  "error.invalid_image": "Ungültiges Bild",
  "error.photo_load": "Foto konnte nicht geladen werden.",
  "error.profile_save": "Profil konnte nicht gespeichert werden.",
  "error.profile_load": "Profil konnte nicht geladen werden",
  "error.password_short": "Passwort muss mindestens 6 Zeichen lang sein",
  "error.password_mismatch": "Passwörter stimmen nicht überein",
  "error.reset_link_invalid": "Reset-Link ist ungültig oder abgelaufen",
  "error.request_withdraw": "Anfrage konnte nicht zurückgezogen werden.",
  "error.request_decline": "Anfrage konnte nicht abgelehnt werden.",
  "error.request_accept": "Anfrage konnte nicht akzeptiert werden.",
  "error.request_send": "Anfrage konnte nicht gesendet werden.",
  "error.friend_remove": "Freund konnte nicht entfernt werden.",
  "error.code_renew": "Code konnte nicht erneuert werden.",
  "error.ticket_read": "Konnte Ticket nicht lesen. Bitte versuche es erneut oder gib die Daten manuell ein.",
  "error.concert_create": "Konzert konnte nicht erstellt werden. Bitte versuche es später nochmal.",
  "error.no_artist_name": "Konnte Künstlernamen nicht erkennen",
  "error.no_ticket_info": "Konnte Ticket-Informationen nicht extrahieren",
  "error.decryption_failed": "Entschlüsselung fehlgeschlagen",
  "error.decryption_desc": "Leider gab es ein Problem mit dem entschlüsseln deiner Konzerte. Es scheint als wärst du in einem anderen iCloud Konto angemeldet. Deshalb sind möglicherweise ein paar Daten verloren gegangen.",
  "error.encryption_restricted": "Eingeschränkter Zugriff",
  "error.icloud_warning": "Verschlüsselung eingeschränkt",
  "error.delete_failed": "Löschen fehlgeschlagen",
  "error.upload_failed": "Upload fehlgeschlagen",
  "error.image_compress": "Bild konnte nicht komprimiert werden",
  "error.no_text": "Kein Text im Bild gefunden",
  "error.data_process": "Daten konnten nicht verarbeitet werden",
  "error.not_found": "Ressource nicht gefunden",
  "error.unauthorized": "Nicht autorisiert",
  "error.access_restricted": "Zugriff eingeschränkt",
  "error.tracking_restricted": "Tracking eingeschränkt",
  "error.tracking_allowed": "Tracking erlaubt",
  "error.tracking_denied": "Tracking verweigert",
  "error.access_allowed": "Zugriff erlaubt",
  "error.access_denied": "Zugriff verweigert",

  "success.email_sent": "Email gesendet 🎉",
  "success.event_saved": "Event gespeichert 🎉",
  "success.concert_deleted": "Konzert gelöscht!",
  "success.password_changed": "Passwort geändert! 🎉",
  "success.updates_saved": "Updates gespeichert! 🎉",
  "success.concert_created": "Konzert erfolgreich erstellt! 🎉",
  "success.premium": "Du bist jetzt Premium-Mitglied! 🎉",
  "success.request_sent": "Anfrage gesendet!",

  "confirm.ready": "Alles bereit!",

  "seat.standing": "Stehplatz",
  "seat.sitting": "Sitzplatz",
  "seat.vip": "V.I.P.",
  "seat.golden_circle": "Golden Circle",
  "seat.diamond_circle": "Diamond Circle",
  "seat.unknown": "Unbekannt",
  "seat.not_decided": "Noch nicht entschieden",

  "travel_mode.walking": "Normal",
  "travel_mode.car": "Auto",
  "travel_mode.bike": "Fahrrad",
  "travel_mode.train": "Zug",
  "travel_mode.plane": "Flugzeug",

  "summary.arrival_cost": "Anreisekosten",
  "summary.distance": "Entfernung",
  "summary.travel_time": "Reisezeit",
  "summary.hotel": "Übernachtung",

  "section.images": "Bilder",
  "section.location": "Location",
  "section.experience": "Meine Experience",
  "section.attendees": "Mit dabei",
  "section.rating": "Rating",
  "section.travel": "Reise",
  "section.setlist": "Setlist",
  "section.support_acts": "Support Acts",
  "section.ticket": "Ticket",
  "section.times": "Zeiten",
  "section.my_ticket": "Mein Ticket",
  "section.my_images": "Meine Bilder",
  "section.my_experience": "Meine Experience",
  "section.my_travel": "Meine Reise",
  "section.detail_page": "Detail Seite",

  "notification.badge": "EINMALIG",
  "notification.body": "Du warst beim Konzert \"%@\" dabei."
}
