{
    "app.name": "Concert Journal",
    
    "action.ok": "Okay",
    "action.cancel": "Cancel",
    "action.save": "Save",
    "action.delete": "Delete",
    "action.confirm": "Done",
    "action.skip": "Skip",
    "action.done": "Done",
    "action.close": "Close",
    "action.reload": "Reload",
    "action.retry": "Retry",
    "action.retry_again": "Try Again",
    "action.allow": "Allow",
    "action.understood": "Got It",
    "action.import": "Import",
    "action.open_settings": "Open Settings",
    "action.open_in_maps": "Open in Apple Maps",
    "action.open_original_link": "Open Original Link",
    "action.open_camera": "Open Camera",
    "action.choose_from_gallery": "Choose from Gallery",
    "action.log_out": "Log Out",
    "action.reset_setup": "🛠 Reset Setup",
    "action.go_to_settings": "Go to Settings",
    "action.generate_new_code": "Generate New Code",
    "action.restore_purchases": "Restore Purchases",
    "action.sort": "Sort",
    "action.search": "Search",
    "action.show_all": "Show All",
    "action.edit_setlist": "Edit Setlist",
    "action.add_setlist": "Add Setlist",
    "action.add_ticket": "Add Ticket",
    "action.add_photos": "Add Photos",
    "action.add_photo_later": "Add Photo Later",
    "action.add_travel_info": "Add Travel Info",
    "action.change_travel_info": "Change Travel Info",
    "action.add_buddy": "Add Buddy",
    "action.add_support_act": "Add Support Act",
    "action.add_companion": "Add Companion",
    "action.edit_companion": "Edit Companion",
    "action.edit": "Edit",
    "action.create_concert": "Create Concert",
    "action.create_with_ticket": "Create with Ticket",
    "action.create_manually": "Create Manually",
    "action.enter_all_details_manually": "Enter All Details Manually",
    "action.import_from_spotify": "Import from Spotify",
    "action.login_with_spotify": "Log In with Spotify",
    "action.send_reset_link": "Send Reset Link",
    "action.login": "Log In",
    "action.register": "Sign Up",
    "action.premium_become": "Go Premium Now",
    "action.premium_unlock": "Unlock Premium",
    "action.next_step": "Next Step",
    "action.next_step_exclamation": "Next Step!",
    "action.lets_go": "Let's Go",
    "action.lets_go_exclamation": "Let's Go!",
    "action.keep_going": "Keep Going!",
    "action.almost_done": "Almost There!",
    "action.all_ready": "All Set!",
    "action.send_friend_request": "Send Request",
    "action.request_already_sent": "Request Already Sent",
    "action.end_friendship": "End Friendship",
    "action.already_buddies": "You're Already Buddies",
    "action.friend_without_account": "Friend Without Account",
    "action.remove_yes": "Yes, Remove Song",
    "action.preview_label": "Preview:",
    "action.scan_ticket": "Scan Your Ticket",
    "action.scan_ticket_auto": "Scan Ticket and Auto-Fill",
    "action.scanning": "Scanning Ticket...",
    "action.hide_prices": "Hide Prices",
    "action.show_prices": "Show Prices",
    
    "nav.concerts": "Concerts",
    "nav.map": "Map",
    "nav.buddies": "Buddies",
    "nav.profile": "Profile",
    "nav.premium": "Premium",
    "nav.filter": "Filter & Sort",
    "nav.buddy_add": "Add Buddy",
    "nav.requests": "Requests",
    "nav.venue_select": "Select Venue",
    "nav.ticket_scan": "Scan Ticket",
    "nav.ticket_info": "Ticket Info",
    "nav.edit_concert": "Edit Concert",
    "nav.import_concert": "Import Concert",
    "nav.import_spotify": "Import from Spotify",
    "nav.travel_info": "Travel Info",
    "nav.song_select": "Select Songs",
    "nav.new_password": "New Password",
    "nav.forgot_password": "Forgot Password",
    "nav.qr_scan": "Scan QR Code",
    "nav.order_customize": "Customize Order",
    "nav.browse": "Browse",
    "nav.attendees": "Attendees",
    "nav.app_color": "App Color",
    "nav.debug_logs": "Debug Logs",
    
    "home.title": "Concert Journal",
    "home.no_concerts": "No Concerts Yet",
    "home.add_first": "Add First Concert",
    "home.add_first_cta": "Add your first concert and start your music journey!",
    "home.upcoming_concerts": "Your Upcoming Concerts",
    "home.past_concerts": "Past Concerts",
    "home.concerts_this_year": "Concerts This Year:",
    "home.planned_this_year": "Planned Concerts This Year:",
    "home.today": "Today",
    "home.offline_warning": "Offline – Changes Will Not Be Saved",
    
    "concert.create_how": "How would you like to create your concert?",
    "concert.delete": "Delete Concert?",
    "concert.delete_question": "Are you sure you want to delete %@? This cannot be undone.",
    "concert.delete_confirm": "Concert",
    "concert.imported": "Imported Concert",
    "concert.journal_entry": "Journal Entry",
    
    "field.artist": "Artist",
    "field.venue": "Venue",
    "field.venue_optional": "Select Venue (Optional)",
    "field.select_venue": "Select Venue",
    "field.date": "Date",
    "field.select_date": "Select Date",
    "field.notes": "Notes",
    "field.rating": "Rating",
    "field.all_ratings": "All Ratings",
    "field.review": "Review",
    "field.photo": "Photo",
    "field.location": "Location",
    "field.city": "City",
    "field.cities": "Cities",
    "field.position": "Position",
    "field.select_artist": "Select an Artist",
    "field.where_sat": "Where were you standing?",
    "field.admission": "Admission",
    "field.block": "Block",
    "field.row": "Row",
    "field.seat": "Seat",
    "field.sort": "Sort",
    "field.sort_colon": "Sort:",
    "field.time_range": "Time Range",
    "field.arrival_time": "When did you arrive?",
    "field.display_name": "Display Name",
    "field.display_name_hint": "This name is visible to your Buddies.",
    "field.title_optional": "Title (Optional)",
    "field.title": "Title",
    "field.venue_or_location": "Venue or Location",
    
    "ticket.types": "Ticket Types",
    "ticket.categories": "Ticket Categories",
    "ticket.price": "Ticket Price",
    "ticket.price_colon": "Ticket Price:",
    "ticket.info": "Ticket Info",
    "ticket.info_add": "Add Ticket Info",
    "ticket.provider": "Provider",
    "ticket.number_question": "What was the ticket number?",
    "ticket.scan_photo": "Take a photo of your concert ticket or choose one from your gallery",
    "ticket.seat_info": "Select Here",
    "ticket.category_question": "Was this a specific ticket category?",
    "ticket.artist_question": "What kind of ticket did you have for %@",
    "ticket.generic_question": "What kind of ticket did you have",
    
    "setlist.title": "Setlist",
    "setlist.added_songs": "Added Songs",
    "setlist.delete_song": "Delete This Song",
    "setlist.delete_confirm": "Yes, Remove Song",
    
    "travel.info": "Travel Info",
    "travel.distance": "Distance",
    "travel.distance_question": "How far was the journey?",
    "travel.duration": "Travel Time",
    "travel.duration_question": "How long did the journey take?",
    "travel.cost": "Travel Cost",
    "travel.cost_question": "How much did the trip cost?",
    "travel.transport_question": "How did you get to the venue?",
    "travel.waiting": "Wait Time:",
    "travel.total": "Total Distance:",
    "travel.total_time": "Total Time:",
    "travel.spent_tickets": "Spent on Tickets:",
    "travel.spent_travel": "Spent on Travel:",
    "travel.spent_hotels": "Spent on Hotels:",
    "travel.spent_total": "Total Spent:",
    "travel.summary": "Your Travel Summary:",
    "travel.tickets_summary": "Your Ticket Summary:",
    "travel.mode_walking": "The venue was within walking distance",
    "travel.mode_car": "You drove to the venue",
    "travel.mode_bike": "You cycled to the venue",
    "travel.mode_train": "You took the train",
    "travel.mode_plane": "You flew to the venue",
    "travel.distance_was": "The distance was %@.",
    "travel.cost_was": "The trip cost you %@.",
    "travel.duration_was": "The journey took %@.",
    "travel.hotel_cost": "And you paid %@ for the hotel.",
    "travel.arrived": "You arrived at %@",
    
    "hotel.question": "Did you stay overnight?",
    "hotel.cost_question": "How much did the accommodation cost?",
    "hotel.stayed": "Did you stay overnight?",
    
    "onboarding.welcome": "Welcome to",
    "onboarding.tagline": "Your Concerts.\\nYour Memories.\\nYour Music.",
    "onboarding.clouds": "Your concerts in the cloud. Always with you.",
    "onboarding.feature1_title": "Document Concerts",
    "onboarding.feature1_desc": "Record all your concert visits with date, location, and setlist",
    "onboarding.feature2_title": "Concert Map",
    "onboarding.feature2_desc": "See all visited locations on a map",
    "onboarding.feature3_title": "Photos & Memories",
    "onboarding.feature3_desc": "Add photos and create your personal concert archive",
    "onboarding.feature4_desc": "Create playlists directly from your setlists, or import them",
    "onboarding.ready": "You're all set! Start documenting your concerts now.",
    
    "auth.login": "Log In",
    "auth.register": "Sign Up",
    "auth.login_or_register": "Log In / Sign Up",
    "auth.not_logged_in": "Not Logged In",
    "auth.login_sync": "Log in to back up your concerts and sync them across all your devices.",
    "auth.forgot_password": "Forgot Password",
    "auth.forgot_password_desc": "Enter your email and we'll send you a link to reset your password.",
    "auth.new_password": "New Password",
    "auth.new_password_desc": "Enter a new password and confirm it by entering it again",
    "auth.change_password": "Change Password",
    "auth.field_email": "Email",
    "auth.field_password": "Password",
    "auth.field_password_repeat": "Repeat Password",
    "auth.field_new_password": "New Password",
    "auth.field_new_password_repeat": "Repeat New Password",
    
    "buddies.none": "No Buddies Yet",
    "buddies.loading": "Loading Buddies…",
    "buddies.load_error": "Could Not Load Buddies",
    "buddies.my_code": "My Buddy Code",
    "buddies.code_hint": "Enter the 6-digit buddy code or scan your friend's QR code.",
    "buddies.share_code": "Share your code or scan a friend's code.",
    "buddies.let_friend_scan": "Let your friend scan this code",
    "buddies.code_not_found": "The code \"%@\" is not associated with any account.",
    "buddies.user_not_found": "No user found with this code",
    "buddies.search_user": "Search Users…",
    "buddies.request_sent": "Request Sent!",
    "buddies.no_requests": "No Pending Requests",
    "buddies.incoming": "Incoming",
    "buddies.outgoing": "Outgoing",
    "buddies.after_accept": "Once %@ accepts, they will appear in your Buddy list.",
    "buddies.tap_to_reply": "Tap to Reply",
    
    "profile.loading": "Loading Profile…",
    "profile.load_error": "Could Not Load Profile",
    "profile.cannot_load": "The profile cannot be loaded right now.",
    "profile.name_question": "What should your Buddies call you?",
    "profile.name_hint": "This name is visible to your Buddies.",
    "profile.improve_app": "Improve the App",
    "profile.privacy_hint": "Your privacy matters to us. All data is processed anonymously.",
    "profile.analytics_hint": "Help us improve Concert Journal by sharing anonymous usage data.",
    "profile.saved_locally": "Saved Locally",
    "profile.faq": "FAQ",
    
    "sort.date_newest": "Newest First",
    "sort.date_oldest": "Oldest First",
    "sort.artist_az": "Artist A–Z",
    "sort.artist_za": "Artist Z–A",
    
    "premium.title": "Premium",
    "premium.unlock_all": "Unlock All Premium Features",
    "premium.your_benefits": "Your Benefits:",
    "premium.now_member": "You're now a Premium Member! 🎉",
    "premium.savings": "You save %@%%",
    "premium.badge_popular": "POPULAR",
    "premium.badge_one_time": "ONE-TIME",
    "premium.per_month": "Per Month",
    "premium.no_restore_found": "No Purchases Found to Restore",
    "premium.verify_failed": "The transaction could not be verified",
    
    "feature.unlimited": "Unlimited Concerts",
    "feature.cloud_sync": "Cloud Sync",
    "feature.no_ads": "Ad-Free",
    "feature.advanced_stats": "Advanced Statistics",
    "feature.advanced_filters": "Advanced Filters",
    "feature.multiple_photos": "Multiple Photos per Concert",
    "feature.setlist_import": "Setlist Import",
    "feature.ticket_scanner": "Ticket Scanner",
    "feature.concert_notes": "Detailed Notes",
    "feature.concert_reminders": "Concert Reminders",
    "feature.export_data": "Data Export (PDF/CSV)",
    "feature.share_social": "Social Media Sharing",
    "feature.ai_recommendations": "AI Concert Recommendations",
    "feature.custom_themes": "Custom Themes",
    "feature.priority_support": "Priority Support",
    
    "benefit.unlimited": "Unlimited Concerts",
    "benefit.cloud_sync": "Cloud Sync",
    "benefit.no_ads": "No More Ads",
    "benefit.always_cancelable": "Cancel Anytime",
    "benefit.exclusive": "Exclusive Features",
    
    "desc.unlimited": "Save unlimited concerts in your journal",
    "desc.cloud_sync": "Automatically sync your data across all your devices",
    "desc.no_ads": "Enjoy the app without any ad interruptions",
    "desc.advanced_stats": "Detailed statistics on your concert visits, artists, and locations",
    "desc.advanced_filters": "Filter and sort your concerts by many criteria",
    "desc.multiple_photos": "Add up to 20 photos per concert",
    "desc.setlist_import": "Import setlists from setlist.fm",
    "desc.ticket_scanner": "Automatically scan tickets with AI",
    "desc.concert_notes": "Write detailed notes for every concert",
    "desc.concert_reminders": "Automatic reminders for upcoming concerts",
    "desc.export_data": "Export your concerts as PDF or CSV for backup",
    "desc.share_social": "Share your concert visits in a beautifully formatted layout on social media",
    "desc.ai_recommendations": "AI-based concert recommendations tailored to your taste",
    "desc.custom_themes": "Choose from various color themes or create your own",
    "desc.priority_support": "Get priority support for any questions or issues",
    
    "map.title": "Map",
    
    "spotify.no_playlists": "No Playlists",
    "spotify.no_playlists_desc": "You don't have any playlists on Spotify. Save a playlist to your Spotify account to import it here",
    "spotify.loading_playlists": "Loading Playlists...",
    "spotify.search_playlists": "Search Playlists",
    "spotify.followers": "Followers: %d",
    
    "camera.access_denied": "Camera Access Denied",
    "camera.access_denied_desc": "Allow camera access in Settings to scan QR codes.",
    "camera.photo_access": "Photo Access",
    "camera.photo_hint": "Add photos to your concerts and create unforgettable memories.",
    "camera.scan_hint": "Hold QR code within the frame",
    "camera.recognized": "Recognized Information",
    "camera.scan_ticket_desc": "Take a photo of your concert ticket or choose one from your gallery",
    
    "state.loading": "Loading...",
    "state.loading_data": "Loading",
    "state.query_running": "Query Running...",
    "state.error_generic": "Something Went Wrong",
    "state.error_something_wrong": "Looks like something didn't work..",
    "state.swipe_for_more": "(swipe for more)",
    
    "error.invalid_format": "Invalid Format",
    "error.invalid_qr": "Invalid QR Code.",
    "error.invalid_image": "Invalid Image",
    "error.photo_load": "Could Not Load Photo.",
    "error.profile_save": "Could Not Save Profile.",
    "error.profile_load": "Could Not Load Profile",
    "error.password_short": "Password must be at least 6 characters long",
    "error.password_mismatch": "Passwords do not match",
    "error.reset_link_invalid": "Reset link is invalid or has expired",
    "error.request_withdraw": "Could not withdraw request.",
    "error.request_decline": "Could not decline request.",
    "error.request_accept": "Could not accept request.",
    "error.request_send": "Could not send request.",
    "error.friend_remove": "Could not remove friend.",
    "error.code_renew": "Could not renew code.",
    "error.ticket_read": "Could not read ticket. Please try again or enter the details manually.",
    "error.concert_create": "Could not create concert. Please try again later.",
    "error.no_artist_name": "Could not recognize artist name",
    "error.no_ticket_info": "Could not extract ticket information",
    "error.decryption_failed": "Decryption Failed",
    "error.decryption_desc": "Unfortunately there was a problem decrypting your concerts. It looks like you may be signed into a different iCloud account. Some data may have been lost as a result.",
    "error.encryption_restricted": "Restricted Access",
    "error.icloud_warning": "Encryption Restricted",
    "error.delete_failed": "Deletion Failed",
    "error.upload_failed": "Upload Failed",
    "error.image_compress": "Could not compress image",
    "error.no_text": "No text found in image",
    "error.data_process": "Could not process data",
    "error.not_found": "Resource Not Found",
    "error.unauthorized": "Unauthorized",
    "error.access_restricted": "Access Restricted",
    "error.tracking_restricted": "Tracking Restricted",
    "error.tracking_allowed": "Tracking Allowed",
    "error.tracking_denied": "Tracking Denied",
    "error.access_allowed": "Access Allowed",
    "error.access_denied": "Access Denied",
    
    "success.email_sent": "Email Sent 🎉",
    "success.event_saved": "Event Saved 🎉",
    "success.concert_deleted": "Concert Deleted!",
    "success.password_changed": "Password Changed! 🎉",
    "success.updates_saved": "Updates Saved! 🎉",
    "success.concert_created": "Concert Created Successfully! 🎉",
    "success.premium": "You're now a Premium Member! 🎉",
    "success.request_sent": "Request Sent!",
    
    "confirm.ready": "All Set!",
    
    "seat.standing": "Standing",
    "seat.sitting": "Seated",
    "seat.vip": "V.I.P.",
    "seat.golden_circle": "Golden Circle",
    "seat.diamond_circle": "Diamond Circle",
    "seat.unknown": "Unknown",
    "seat.not_decided": "Not Decided Yet",
    
    "travel_mode.walking": "Walking",
    "travel_mode.car": "Car",
    "travel_mode.bike": "Bike",
    "travel_mode.train": "Train",
    "travel_mode.plane": "Plane",
    
    "summary.arrival_cost": "Travel Cost",
    "summary.distance": "Distance",
    "summary.travel_time": "Travel Time",
    "summary.hotel": "Accommodation",
    
    "section.images": "Images",
    "section.location": "Location",
    "section.experience": "My Experience",
    "section.attendees": "Attendees",
    "section.rating": "Rating",
    "section.travel": "Travel",
    "section.setlist": "Setlist",
    "section.support_acts": "Support Acts",
    "section.ticket": "Ticket",
    "section.times": "Times",
    "section.my_ticket": "My Ticket",
    "section.my_images": "My Images",
    "section.my_experience": "My Experience",
    "section.my_travel": "My Travel",
    "section.detail_page": "Detail Page",
    
    "notification.badge": "ONE-TIME",
    "notification.body": "You attended the concert \"%@\"."
}
